word,tf
datum,800
model,357
use,224
data,148
set,132
value,127
time,121
training,102
one,99
distribution,78
application,76
example,73
technique,68
algorithm,64
process,64
type,63
information,62
base,61
system,60
label,60
method,59
also,58
require,55
different,54
provide,53
stage,50
standard,50
number,49
may,48
analysis,48
life,47
parameter,46
case,46
format,45
include,44
need,43
generate,43
train,43
well,43
cycle,42
variable,41
vector,40
result,40
input,39
storage,38
make,38
user,37
quality,37
often,37
large,36
point,36
part,35
available,35
good,35
business,35
deployment,34
two,34
representation,34
miss,33
learning,33
problem,32
performance,32
metadata,31
call,31
search,31
selection,31
represent,31
run,31
many,31
management,30
phase,30
term,29
important,29
decision,29
category,29
event,29
tion,29
approach,28
real,28
change,28
feature,27
follow,27
organisation,27
could,27
section,27
compute,27
like,27
without,27
batch,26
ingestion,26
multiple,26
sensor,26
collect,26
way,25
depend,25
file,25
hyperparameter,25
know,24
possible,24
describe,24
consider,24
source,24
new,24
develop,24
traffic,24
dimension,24
form,23
apply,23
estimate,23
certain,23
analytic,23
classification,23
numerical,23
high,23
prediction,23
structure,22
deploy,22
another,22
social,22
sample,22
purpose,22
iso,22
series,22
medium,21
give,21
space,21
asset,21
obtain,21
issue,21
big,21
exploration,21
output,21
test,21
practice,21
error,21
however,21
mean,21
service,20
size,20
platform,20
low,20
due,20
machine,20
allow,20
single,19
linear,19
first,19
usually,19
find,19
maintenance,19
common,19
relevant,19
encoding,19
element,19
categorical,19
acme,19
individual,19
specific,19
take,19
road,19
cluster,18
link,18
principle,18
edge,18
optimisation,18
group,18
understand,18
level,18
cost,18
non,18
goal,18
collection,18
text,18
privacy,18
technology,18
requirement,18
contain,18
component,18
speed,18
create,18
small,18
software,17
concept,17
fit,17
simple,17
accuracy,17
perform,17
would,17
statistical,17
reduce,17
general,17
become,17
domain,17
three,17
visualisation,17
iec,17
cloud,17
must,16
define,16
processing,16
fill,16
next,16
instance,16
document,16
probability,16
hyper,16
increase,16
human,16
build,16
ing,16
design,16
failure,16
learn,16
order,16
function,16
start,16
amount,16
help,16
device,15
strategy,15
choice,15
insight,15
task,15
risk,15
post,15
typically,15
right,15
store,15
map,15
view,15
select,15
product,15
predict,15
visual,15
even,15
previous,14
additional,14
feed,14
ingest,14
express,14
challenge,14
procedure,14
personal,14
context,14
choose,14
validation,14
work,14
gradient,14
main,14
identify,14
message,14
simply,14
nutshell,14
date,14
average,14
normal,13
knowledge,13
labelling,13
access,13
grid,13
matrix,13
handle,13
step,13
operation,13
computation,13
refer,13
whose,13
achieve,13
node,13
tool,13
condition,13
key,13
object,13
rather,13
discuss,13
reading,13
network,13
architecture,13
field,13
vehicle,13
present,12
carry,12
consist,12
support,12
production,12
capability,12
second,12
item,12
evaluation,12
enable,12
preprocesse,12
receive,12
involve,12
scientist,12
correspond,12
far,12
maximise,12
various,12
solution,12
control,12
pca,12
sequence,12
classifier,12
attribute,12
transformation,12
within,12
imminent,12
customer,12
reference,12
associate,12
try,12
adopt,12
short,11
suitable,11
major,11
interest,11
automatically,11
useful,11
less,11
variance,11
similar,11
drift,11
several,11
might,11
world,11
option,11
deal,11
community,11
database,11
testing,11
development,11
online,11
random,11
fact,11
mathematical,11
equipment,11
range,11
specify,11
intelligence,11
potential,11
much,11
sentiment,11
cover,11
focus,11
target,11
content,11
tune,11
com,10
owner,10
critical,10
combination,10
difficult,10
supervised,10
transfer,10
company,10
observe,10
indeed,10
every,10
state,10
expect,10
extract,10
artificial,10
behaviour,10
figure,10
name,10
sometimes,10
update,10
long,10
forecasting,10
rotate,10
address,10
automatic,10
measurement,10
statistic,10
anonymisation,10
encode,10
analyse,10
kind,10
optimization,10
predictive,10
aim,10
rely,10
remark,10
assume,9
period,9
show,9
rotation,9
precision,9
core,9
record,9
hot,9
power,9
connect,9
organization,9
among,9
image,9
rnn,9
impact,9
separate,9
grow,9
classify,9
improve,9
reason,9
resource,9
original,9
environment,9
unit,9
easy,9
missing,9
relate,9
either,9
study,9
directly,9
dimensional,9
optimal,9
ensure,9
mention,9
entry,9
column,9
deviation,9
clustering,9
determine,9
overall,9
accurate,9
multidimensional,9
tag,9
replace,9
popular,9
following,9
chapter,9
mark,9
near,8
manually,8
repository,8
per,8
complexity,8
property,8
later,8
topic,8
manage,8
setting,8
route,8
row,8
effective,8
subject,8
disclosure,8
quantity,8
stream,8
entity,8
still,8
detection,8
detail,8
exist,8
expert,8
federate,8
filter,8
raw,8
provider,8
governance,8
hand,8
hence,8
highlight,8
share,8
normalisation,8
therefore,8
infer,8
integrate,8
scale,8
introduce,8
correct,8
partition,8
rule,8
optimise,8
registry,8
affect,8
zero,8
around,8
array,8
come,8
able,8
besides,8
unlabelled,8
variation,8
city,8
always,8
although,8
uncertainty,8
centre,8
ability,8
produce,8
bayesian,8
weight,8
difference,7
cleansing,7
website,7
making,7
digital,7
since,7
government,7
gpu,7
direct,7
monitor,7
valuable,7
preprocessing,7
offer,7
notation,7
outcome,7
happen,7
ment,7
execute,7
discussion,7
meta,7
evaluate,7
last,7
direction,7
communication,7
gain,7
current,7
belong,7
preserve,7
year,7
occur,7
basic,7
characteristic,7
mapping,7
fitting,7
fix,7
decide,7
description,7
interval,7
activity,7
solve,7
page,7
report,7
factor,7
class,7
iterative,7
manual,7
framework,7
maximum,7
trend,7
table,7
unique,7
frequency,7
binary,7
lead,7
pre,7
market,7
location,7
retraining,7
hub,7
regression,7
huge,7
vary,7
look,7
together,7
retrain,7
infrastructure,7
area,7
hypothesis,7
transform,7
drive,7
end,7
see,7
engine,7
via,7
implementation,7
incident,7
supervise,7
hold,7
list,7
hierarchical,7
limitation,7
word,7
structured,6
semi,6
recommendation,6
degree,6
detect,6
smart,6
moreover,6
computing,6
predefine,6
combine,6
interface,6
compare,6
version,6
negative,6
exploit,6
length,6
necessary,6
aware,6
rate,6
complete,6
local,6
outside,6
introduction,6
derivative,6
benefit,6
descent,6
inconsistency,6
gaussian,6
appropriate,6
iot,6
effort,6
definition,6
tensor,6
implement,6
lie,6
ordinal,6
add,6
distribute,6
role,6
practical,6
dimensionality,6
periodically,6
corresponding,6
web,6
project,6
downtime,6
measure,6
want,6
bring,6
get,6
least,6
notion,6
volume,6
לiso,6
distance,6
analyst,6
consume,6
question,6
utilise,6
pattern,6
scenario,6
predictor,6
usage,6
account,6
noise,6
put,6
objective,6
integer,6
differential,5
latter,5
advanced,5
program,5
fault,5
originally,5
dependent,5
logistic,5
research,5
multivariate,5
wrong,5
understanding,5
enhance,5
check,5
distinct,5
cation,5
agency,5
square,5
marker,5
plot,5
feedback,5
extreme,5
extend,5
fail,5
dis,5
evolve,5
designate,5
log,5
let,5
symbolic,5
sufficient,5
open,5
string,5
truth,5
essential,5
discard,5
rich,5
fast,5
reduction,5
outlier,5
etc,5
respect,5
quickly,5
entire,5
across,5
accord,5
travel,5
self,5
con,5
full,5
functional,5
regulation,5
concern,5
cross,5
news,5
automate,5
clear,5
covariate,5
global,5
scheme,5
population,5
comprehensive,5
html,5
memory,5
hour,5
removal,5
particular,5
close,5
aspect,5
relationship,5
historical,5
constraint,5
hide,5
var,5
position,5
increasingly,5
prepare,5
frame,5
axis,5
move,5
overview,5
pro,5
phenomenon,5
reality,5
satisfied,5
action,5
dataset,5
back,5
complex,5
mod,5
importance,5
impossible,5
realise,5
parallel,5
import,5
compose,5
dark,5
temporal,5
commonly,5
sub,4
reasoning,4
rie,4
eigenvalue,4
cancer,4
bubble,4
positive,4
assess,4
reader,4
limited,4
law,4
principal,4
national,4
sentence,4
opinion,4
answer,4
applica,4
prevent,4
nlp,4
sequential,4
side,4
index,4
advantage,4
security,4
serve,4
inference,4
inform,4
opportunity,4
hybrid,4
enough,4
employee,4
eliminate,4
natural,4
special,4
health,4
private,4
keep,4
rotatory,4
round,4
precede,4
frequently,4
routing,4
frequent,4
free,4
randomization,4
say,4
internal,4
save,4
bias,4
read,4
bgd,4
oracle,4
flow,4
occupancy,4
bank,4
recent,4
policy,4
specifically,4
running,4
unsupervised,4
along,4
behave,4
expensive,4
availability,4
skewed,4
exchange,4
hardware,4
especially,4
initial,4
latency,4
guide,4
significantly,4
null,4
risky,4
score,4
aggregation,4
ground,4
occurrence,4
greedy,4
language,4
ever,4
similarity,4
book,4
landscape,4
author,4
evolution,4
instead,4
integration,4
generation,4
generalisation,4
six,4
efficiency,4
engineering,4
programming,4
technical,4
currently,4
yield,4
daily,4
premise,4
tend,4
capture,4
mask,4
decrease,4
tell,4
delay,4
deliver,4
delivery,4
chunk,4
derive,4
meaning,4
xml,4
cerif,4
multi,4
adaptation,4
manager,4
central,4
synthetic,4
syntax,4
symmetric,4
cause,4
discrete,4
maintain,4
distinguish,4
clean,4
repeat,4
divide,4
propose,4
commercial,4
transaction,4
towards,4
computational,4
colour,4
minimum,4
regulatory,4
regard,4
reflect,4
today,4
title,4
related,4
consideration,4
pass,4
rep,4
metric,4
continue,4
continuous,4
reliable,4
convert,4
month,4
thus,4
correctly,4
correlation,4
couple,4
course,4
mechanism,4
covariance,4
place,4
sense,4
restriction,4
plan,4
dublin,4
organise,4
careful,4
dynamic,4
economy,4
subset,4
congestion,3
slow,3
tree,3
classifi,3
classic,3
nan,3
informally,3
review,3
replicate,3
dashboard,3
internet,3
proper,3
coincide,3
red,3
friend,3
slope,3
mini,3
return,3
fully,3
לspecification,3
cleaning,3
patient,3
furthermore,3
observation,3
preparation,3
csv,3
working,3
cognitive,3
interoperability,3
effectively,3
gas,3
representa,3
ical,3
flexibility,3
intrinsic,3
decay,3
massive,3
price,3
tribution,3
library,3
pretraine,3
sound,3
consumption,3
logic,3
neighbour,3
trigger,3
rare,3
minimise,3
match,3
prob,3
nas,3
fol,3
package,3
precise,3
unfortunately,3
nominal,3
iable,3
forecast,3
interpret,3
interpolation,3
par,3
underpin,3
away,3
yet,3
eigenvector,3
intend,3
cal,3
remain,3
growth,3
assign,3
coordinate,3
inject,3
calculation,3
shopping,3
basis,3
byte,3
relatively,3
science,3
shift,3
instal,3
installation,3
guess,3
significant,3
transparency,3
projection,3
assumption,3
timestamp,3
retrieve,3
sigma,3
continuously,3
student,3
heterogeneous,3
note,3
neural,3
harvester,3
relevance,3
calculate,3
clude,3
throughout,3
val,3
correlate,3
vmax,3
scaling,3
intelligent,3
cleanness,3
pop,3
credit,3
uncover,3
variant,3
relation,3
integrity,3
advisable,3
reveal,3
genomic,3
success,3
partially,3
emerge,3
vagueness,3
normalise,3
refine,3
sion,3
authority,3
medical,3
consistency,3
though,3
medicine,3
consistent,3
sharing,3
remove,3
min,3
reuse,3
num,3
representative,3
play,3
investigate,3
aid,3
publish,3
starting,3
nature,3
window,3
lack,3
man,3
typical,3
dif,3
standardisation,3
comma,3
regular,3
stance,3
exclusively,3
ensemble,3
block,3
jtc,3
wide,3
veteran,3
stable,3
ble,3
algebra,3
necessarily,3
outli,3
keyword,3
fine,3
loss,3
justify,3
redundant,3
minute,3
independent,3
symmetrical,3
diman,3
wish,3
line,3
diverse,3
inaccurate,3
breakdown,3
lowing,3
left,3
adjust,3
apis,3
distribu,3
macro,3
improved,3
anyone,3
imprecision,3
display,3
unknown,3
response,3
modality,3
perception,3
traditional,3
lot,3
sure,3
enterprise,3
effect,3
otherwise,3
eter,3
adequate,3
european,3
inconsistent,3
compliant,3
register,3
predic,3
normally,3
manufacturing,3
physical,3
beyond,3
proximity,3
family,3
ber,3
public,3
mining,3
rank,3
specification,3
turn,3
researcher,3
probabilistic,3
seek,3
rescaling,3
iteration,3
car,3
density,3
carefully,3
federated,3
whatever,3
xxx,3
recurrent,3
tdr,3
tech,3
incarnation,3
cargo,3
limit,3
fairness,3
capacity,3
trivial,3
total,3
loop,3
manifold,3
ture,3
whether,3
outline,3
billion,3
worth,3
resentation,3
adapt,3
facebook,3
almost,3
jam,3
piece,3
finally,3
default,3
conceptual,3
vertical,3
factorisation,3
ready,3
tuning,3
oil,3
previously,2
modelling,2
microsoft,2
apache,2
academic,2
moni,2
mode,2
reinforcement,2
newly,2
visualise,2
minimisation,2
anonymise,2
informal,2
regulate,2
reasonable,2
secondary,2
virtually,2
vise,2
absence,2
potentially,2
regis,2
indicate,2
visualis,2
influence,2
mix,2
semantic,2
mobile,2
vocabulary,2
relational,2
infinity,2
neutral,2
workload,2
leave,2
monitoring,2
literature,2
whole,2
adaptive,2
algo,2
algorithmic,2
junction,2
july,2
john,2
whenever,2
actually,2
manufacturer,2
revolve,2
iterate,2
marginal,2
active,2
already,2
worldwide,2
irrelevant,2
alternative,2
sale,2
adoption,2
recently,2
nearby,2
lab,2
widely,2
late,2
richard,2
age,2
write,2
rigorous,2
layer,2
administration,2
responsible,2
aggregate,2
writing,2
mainly,2
lend,2
rithm,2
legal,2
additionally,2
laplace,2
majority,2
addition,2
lem,2
agree,2
navigate,2
intuition,2
satellite,2
sation,2
water,2
scan,2
naive,2
schema,2
accordingly,2
meet,2
school,2
instagram,2
recall,2
mension,2
scope,2
intel,2
remote,2
remainder,2
live,2
initiative,2
initially,2
accept,2
scribe,2
likelihood,2
script,2
measured,2
amplify,2
yellow,2
restrict,2
satisfactory,2
nent,2
mathematically,2
reposito,2
interpolate,2
interoperable,2
matter,2
mostly,2
achievable,2
mdr,2
meas,2
interested,2
namespace,2
ness,2
scalable,2
scalar,2
interact,2
ample,2
intensive,2
meaningful,2
mbgd,2
forth,2
enhanced,2
originate,2
ously,2
sustainable,2
ultimately,2
supply,2
oth,2
distinction,2
distri,2
pitfall,2
diversified,2
pull,2
catalogue,2
summary,2
summarise,2
sum,2
cat,2
suggest,2
drop,2
suddenly,2
ccsds,2
cell,2
duration,2
certification,2
tant,2
character,2
char,2
designer,2
desire,2
tain,2
detailed,2
outputs,2
cer,2
cen,2
tab,2
developer,2
systematic,2
centralised,2
diagnosis,2
diagram,2
differ,2
outlet,2
quadratic,2
dwork,2
trustworthy,2
uniform,2
encrustment,2
straint,2
encryption,2
enormous,2
straightforward,2
ent,2
operator,2
ential,2
stop,2
encounter,2
stochastic,2
univariate,2
brand,2
university,2
equivalent,2
operate,2
status,2
branch,2
oppose,2
burden,2
orderless,2
registration,2
substitute,2
ease,2
easily,2
card,2
subspace,2
efficient,2
efficiently,2
optimize,2
elementary,2
unfair,2
strongly,2
embed,2
strong,2
quantify,2
street,2
buy,2
ence,2
bution,2
chart,2
denote,2
statis,2
constrain,2
connection,2
consent,2
past,2
person,2
consistently,2
tione,2
tional,2
transition,2
construction,2
top,2
consult,2
code,2
perspective,2
continent,2
promise,2
contribute,2
controller,2
partitioning,2
configuration,2
confidence,2
particularly,2
people,2
communicate,2
perceptual,2
perfectly,2
completeness,2
percentage,2
compo,2
composite,2
composition,2
compromise,2
tore,2
peer,2
computa,2
properly,2
pdf,2
columnar,2
concerned,2
periodic,2
conditional,2
convergence,2
cope,2
demand,2
dcat,2
parallelism,2
dalenius,2
classi,2
clas,2
paradigm,2
ter,2
tendency,2
day,2
ownership,2
customary,2
decade,2
decentralize,2
circumstance,2
templeton,2
temperature,2
deep,2
true,2
delete,2
param,2
custom,2
copy,2
participate,2
tical,2
cord,2
corre,2
clockwise,2
threshold,2
clinical,2
petabyte,2
count,2
covar,2
curve,2
clearly,2
proteomic,2
cleanse,2
criterion,2
parking,2
pareto,2
crucial,2
parametric,2
box,2
preservation,2
estate,2
formulate,2
severe,2
obviously,2
upgrade,2
background,2
rarely,2
formal,2
ascii,2
avoid,2
filtering,2
hope,2
smith,2
bound,2
forward,2
history,2
upon,2
slowly,2
folder,2
float,2
host,2
house,2
vast,2
ation,2
norm,2
hundred,2
financial,2
span,2
variety,2
firmware,2
firsrt,2
five,2
flash,2
flatten,2
rapidly,2
fleet,2
sophisticated,2
slide,2
fulfil,2
poor,2
sional,2
audit,2
utility,2
hard,2
reach,2
simplicity,2
pose,2
prior,2
similarly,2
reaction,2
graph,2
graphical,2
great,2
guarantee,2
green,2
attach,2
harvest,2
harvesting,2
functionality,2
geopolitical,2
fundamental,2
future,2
gap,2
garbage,2
ure,2
oais,2
normalize,2
autoregressive,2
generalise,2
highly,2
generally,2
heuristic,2
numerous,2
helpful,2
auto,2
arima,2
final,2
bdra,2
unlock,2
stand,2
quirement,2
execution,2
unnecessary,2
veterans,2
expand,2
immediate,2
expectation,2
sequentially,2
ssn,2
black,2
explain,2
explicitly,2
ser,2
unsafe,2
appli,2
standardise,2
illustrate,2
board,2
improvement,2
apollo,2
static,2
sensitivity,2
ethical,2
unless,2
boost,2
everyone,2
evidence,2
imprecise,2
vice,2
impor,2
implication,2
nique,2
examine,2
exploratory,2
validate,2
exponential,2
unsupervise,2
ict,2
ver,2
unstructured,2
fashion,2
randomly,2
ploye,2
arch,2
identifier,2
rameter,2
facility,2
verify,2
facilitate,2
split,2
primitive,2
approximation,2
ferent,2
extremely,2
fied,2
bioinformatic,2
serial,2
expose,2
ignore,2
extent,2
speak,2
external,2
extraction,2
old,2
rapid,2
proof,1
protection,1
readily,1
prin,1
region,1
reactive,1
promote,1
pricing,1
press,1
protect,1
refinement,1
regardless,1
proposition,1
pri,1
proprietary,1
preset,1
receipt,1
refined,1
reduc,1
push,1
probable,1
pute,1
pxp,1
python,1
rede,1
reconcilable,1
quali,1
qualified,1
problematic,1
rais,1
reconciliation,1
reconstruct,1
prod,1
quite,1
really,1
procurement,1
quire,1
quently,1
processor,1
query,1
procedurefigure,1
proceed,1
recording,1
questionnairesinterviewsdata,1
quick,1
previ,1
prof,1
pursue,1
proteogenomic,1
recognition,1
protocol,1
priority,1
refill,1
prototype,1
rdf,1
ray,1
prove,1
provenance,1
rational,1
progressively,1
ration,1
pressure,1
provision,1
ref,1
pseudo,1
pub,1
programmatically,1
rasool,1
privately,1
privileged,1
pretuned,1
redundancy,1
probabil,1
punctuation,1
pure,1
profile,1
recognise,1
realm,1
abdelrahman,1
regress,1
toward,1
totally,1
ton,1
tively,1
tition,1
tionship,1
timing,1
timely,1
timeliness,1
timate,1
timal,1
tightly,1
tight,1
tier,1
tially,1
thumb,1
thomson,1
thogonality,1
thirteen,1
third,1
touch,1
tpu,1
thing,1
track,1
transpose,1
transmit,1
transmission,1
translation,1
translate,1
transformatkon,1
transformative,1
transformationuser,1
transferring,1
transferable,1
transactional,1
trans,1
tralize,1
tralise,1
trainingmodel,1
trainingdata,1
traditionally,1
trading,1
trade,1
thinking,1
theory,1
sun,1
tancy,1
talk,1
tackle,1
tabu,1
tablishing,1
tabase,1
sys,1
symmetry,1
symmetrically,1
symbol,1
switch,1
swarm,1
surprise,1
surface,1
suppose,1
supplier,1
supplementary,1
supervisedfigure,1
superior,1
super,1
tance,1
tap,1
thankful,1
tect,1
thank,1
textbook,1
testlabelle,1
testdatabase,1
terval,1
ternally,1
terminology,1
terminal,1
teristic,1
terface,1
tera,1
tent,1
tenance,1
ten,1
tempt,1
template,1
tem,1
telecommunication,1
teleco,1
treatment,1
trendalyzer,1
trial,1
week,1
wang,1
volatility,1
volatile,1
visually,1
visualisationmodel,1
vista,1
visible,1
violation,1
violate,1
video,1
vertice,1
verifying,1
verification,1
velop,1
vantage,1
vant,1
vance,1
vamc,1
validity,1
weather,1
weibo,1
tribute,1
weighted,1
לsecond,1
לfirst,1
zooming,1
zoom,1
yyyy,1
ysis,1
youtube,1
yes,1
yellowre,1
yearly,1
wwi,1
workflow,1
witness,1
widget,1
wholly,1
white,1
whilst,1
whichever,1
whereas,1
valida,1
valid,1
utilize,1
usual,1
union,1
unicode,1
uni,1
unhappy,1
unfairly,1
understandable,1
underlying,1
underlie,1
uncorrelated,1
uncleansed,1
uncertain,1
unavailable,1
unaltered,1
unaccounted,1
uct,1
tuningfeature,1
tuned,1
trustworthiness,1
tributing,1
unlabeled,1
unlike,1
unlimited,1
unusual,1
usability,1
urement,1
upset,1
upload,1
uphold,1
updates,1
unwieldy,1
unwanted,1
unused,1
unrelated,1
unusable,1
unsupervisedembeddedfilter,1
unsuper,1
unsuita,1
unstructure,1
unstruc,1
unsatisfie,1
unreliable,1
sup,1
sultan,1
regressor,1
seamlessly,1
scribing,1
scratch,1
scientific,1
scalability,1
saving,1
saturat,1
satisfie,1
sammon,1
sally,1
salient,1
sake,1
safely,1
safe,1
saddle,1
ruta,1
rss,1
rpm,1
rota,1
rot,1
scription,1
sect,1
ror,1
sector,1
setup,1
settesting,1
sethigh,1
setencode,1
servic,1
server,1
servation,1
serious,1
sequencestraine,1
sequenceslearn,1
separat,1
sential,1
sente,1
sensing,1
sensed,1
send,1
seminal,1
securely,1
secure,1
roster,1
root,1
sult,1
reside,1
resent,1
rescale,1
reproduction,1
repre,1
repop,1
replication,1
replacement,1
repeatedly,1
renormalise,1
rence,1
remodel,1
relegate,1
release,1
relearning,1
relaunche,1
rela,1
reinforcementsupervised,1
regularity,1
regu,1
resi,1
resistance,1
ronment,1
resolution,1
roadside,1
roadmap,1
river,1
rise,1
reward,1
revision,1
revise,1
revert,1
reversible,1
revenue,1
reuter,1
reusable,1
retrieval,1
retail,1
restrain,1
rest,1
responsibility,1
respective,1
resolve,1
sgd,1
shakyabest,1
shale,1
strat,1
storytelle,1
story,1
stored,1
storageplatform,1
stitute,1
stephen,1
steal,1
stay,1
statisticsvisualisation,1
stationary,1
staroffice,1
standardization,1
stakeholder,1
staffing,1
stacking,1
sqlacquisition,1
sql,1
spread,1
sponsible,1
strain,1
streaming,1
shape,1
streamline,1
suit,1
sufficiently,1
suffi,1
suffer,1
sudden,1
successfully,1
subtopicperiodicity,1
subtle,1
substantial,1
substance,1
subsequently,1
subsequent,1
submit,1
submission,1
subjectively,1
subdivide,1
style,1
struc,1
strictly,1
sponding,1
spoken,1
spinning,1
spike,1
situational,1
situa,1
site,1
sistencie,1
sionality,1
singularity,1
singular,1
sin,1
simultaneously,1
simulate,1
sim,1
signal,1
sign,1
sig,1
sift,1
sification,1
sifi,1
siddhartha,1
shifting,1
sive,1
skew,1
skewness,1
soon,1
spend,1
spectacular,1
specifie,1
specialise,1
spatial,1
sparsity,1
sourc,1
sort,1
somewhere,1
skill,1
something,1
som,1
solely,1
sne,1
smoothly,1
smooth,1
skip,1
skin,1
spark,1
lightweight,1
presence,1
datavalidation,1
degradation,1
defi,1
defense,1
deeply,1
decryption,1
decorate,1
decomposition,1
decom,1
decisionsdata,1
decimal,1
dead,1
datawrapper,1
datasetraw,1
deluge,1
datasetargumente,1
datareduce,1
datapre,1
datalabele,1
dataingestionpre,1
databasedev,1
dataargumente,1
damiani,1
damaging,1
cynthia,1
cyberspace,1
cution,1
degrade,1
delve,1
customisation,1
detector,1
diminish,1
digit,1
differently,1
differentiable,1
dictor,1
diagnostic,1
diagnose,1
devise,1
deviate,1
develope,1
determination,1
deterioration,1
detectable,1
dence,1
detec,1
destroy,1
despite,1
descriptive,1
derstanding,1
depth,1
depict,1
dependency,1
department,1
deny,1
dent,1
deniability,1
cut,1
cure,1
famous,1
confi,1
constantly,1
constant,1
considerably,1
consid,1
conservative,1
consequence,1
consensus,1
confuse,1
conflicting,1
confirm,1
confidently,1
confidentiality,1
conduct,1
constituent,1
concretely,1
concentrate,1
computer,1
computable,1
comput,1
compress,1
compound,1
compliance,1
completion,1
completely,1
complaint,1
compile,1
constituen,1
constraintsobjective,1
cumulative,1
costly,1
cultural,1
cryptographic,1
crowd,1
criticism,1
credible,1
creator,1
creative,1
crash,1
cov,1
country,1
counterproductive,1
counter,1
correspondence,1
consultative,1
correctness,1
correction,1
corpus,1
corporate,1
copydown,1
coordinator,1
converge,1
convention,1
convenience,1
contraction,1
continuation,1
continu,1
dire,1
directional,1
directive,1
environ,1
essence,1
essary,1
erwise,1
ernesto,1
erence,1
ere,1
equivalently,1
equation,1
equally,1
epoch,1
eosda,1
environmental,1
envi,1
estimationclusteringbaggingclustering,1
enumera,1
entrance,1
entitle,1
enter,1
enrolment,1
enrol,1
enormously,1
encrypt,1
encrust,1
encourage,1
encompass,1
encoder,1
establish,1
evolutionary,1
disambiguate,1
expense,1
fall,1
faithfully,1
fair,1
facto,1
face,1
extrapolate,1
extra,1
export,1
exponentially,1
explore,1
explo,1
explainable,1
expec,1
exact,1
expanding,1
existence,1
exercise,1
exe,1
exclude,1
excited,1
exception,1
except,1
excellent,1
exce,1
exam,1
exactly,1
encoded,1
ena,1
empower,1
divergence,1
driver,1
drifting,1
dress,1
dred,1
draw,1
drastic,1
downside,1
download,1
dormant,1
dominant,1
doid,1
dividual,1
diverge,1
employ,1
dium,1
ditional,1
distributor,1
distort,1
disk,1
disjoint,1
discrimination,1
discretizationstandardizationdata,1
discretecontinuousvariable,1
discovery,1
discontinuation,1
disclo,1
drought,1
drown,1
drug,1
ducer,1
emerg,1
elsevi,1
else,1
elling,1
elimination,1
elim,1
electronic,1
eighteen,1
eigen,1
egy,1
egov,1
egory,1
egorical,1
efit,1
effectiveness,1
eer,1
education,1
educate,1
eden,1
ecute,1
early,1
dynamicity,1
dymitr,1
dur,1
duplicate,1
competition,1
comparison,1
compact,1
annually,1
applicable,1
applicability,1
appeal,1
apparent,1
apparatus,1
anticipate,1
anti,1
anonymize,1
anonymization,1
anonymity,1
anomaly,1
anomalous,1
annual,1
approximate,1
annotation,1
annealing,1
anism,1
anis,1
animation,1
animate,1
angry,1
analytical,1
analysisvisual,1
analysissearch,1
analysishistogram,1
analysisdata,1
approve,1
approximately,1
attention,1
assist,1
attacker,1
attack,1
atms,1
atmospheric,1
ate,1
asymmetric,1
astronomical,1
associationstacking,1
association,1
associ,1
asso,1
assistance,1
asic,1
arbitrary,1
asal,1
artificially,1
article,1
art,1
arrow,1
arm,1
arise,1
arff,1
archiving,1
archive,1
architect,1
arc,1
analysisboostingregression,1
analogy,1
analogous,1
act,1
adobe,1
admissible,1
adjustment,1
adigm,1
adhere,1
addi,1
adaptationfigure,1
actual,1
activation,1
activ,1
acteristic,1
acter,1
acquisition,1
anal,1
acquire,1
acle,1
accurately,1
accumulation,1
accompany,1
accommodate,1
accident,1
accessing,1
accessible,1
accelerate,1
absorb,1
absolutely,1
advance,1
advancement,1
advise,1
affairs,1
amenity,1
ambiguity,1
alternate,1
alshehhi,1
alrubaie,1
alphanumeric,1
alolama,1
almahmoud,1
ally,1
allocate,1
allel,1
alhammadi,1
aldhanhani,1
alarm,1
airline,1
air,1
ahmed,1
ahmad,1
agreement,1
ago,1
agnostic,1
aggregating,1
agent,1
agement,1
aftermath,1
attend,1
attract,1
commonplace,1
centralize,1
cie,1
ciate,1
chest,1
charac,1
chance,1
chal,1
chain,1
cesse,1
cess,1
century,1
centrifuge,1
centralized,1
cent,1
ciple,1
cedure,1
cdf,1
caus,1
cauchy,1
categori,1
categor,1
catego,1
catch,1
catalog,1
carelessly,1
care,1
capitalise,1
cient,1
circuit,1
attribution,1
coefficient,1
committee,1
comment,1
commas,1
combina,1
colombo,1
collide,1
collective,1
collaborative,1
collaboration,1
collaborate,1
coincident,1
cognition,1
coding,1
claim,1
coalition,1
cloudmicro,1
cloudera,1
closely,1
clobber,1
clinic,1
clini,1
cle,1
classifie,1
classifica,1
clarity,1
clamation,1
capital,1
capable,1
camera,1
backbone,1
bell,1
believe,1
behalf,1
beginning,1
begin,1
bayes,1
baye,1
bandwidth,1
ballpark,1
bag,1
backup,1
backteste,1
awareness,1
calculus,1
averse,1
avenue,1
availa,1
autoregression,1
autonomously,1
autonomous,1
automation,1
automatical,1
augmented,1
augment,1
audio,1
audience,1
ben,1
beneficial,1
biased,1
bill,1
calcu,1
busi,1
burdensome,1
bulk,1
buildingmappe,1
building,1
broadcaster,1
briefly,1
breakthrough,1
break,1
breadth,1
breach,1
branched,1
brain,1
boundary,1
boring,1
bootstrappe,1
body,1
boarding,1
blur,1
blog,1
bling,1
blend,1
bivariate,1
bit,1
false,1
fashioned,1
prepared,1
mon,1
musab,1
multiply,1
multiplier,1
multimedia,1
mri,1
moving,1
motivation,1
moonshot,1
mood,1
monthly,1
monovariate,1
money,1
moment,1
mute,1
modify,1
modified,1
modification,1
modern,1
modelsdata,1
mixture,1
mixed,1
mitigate,1
misuse,1
mistake,1
mislead,1
minor,1
music,1
myriad,1
minimization,1
never,1
nothing,1
normalization,1
nology,1
noisy,1
nodes,1
nition,1
nile,1
nil,1
nificantly,1
nielsen,1
newspaper,1
nevertheless,1
nest,1
nathan,1
ner,1
neither,1
neighbor,1
neigh,1
negotiate,1
negligible,1
neglect,1
necessity,1
nec,1
nearly,1
naughbour,1
naturally,1
minister,1
minimises,1
fatality,1
marking,1
mature,1
matlab,1
matically,1
matic,1
mathemathica,1
mathemat,1
material,1
masse,1
mass,1
mas,1
maryam,1
mary,1
markdown,1
maurizio,1
marily,1
march,1
mapsmean,1
manner,1
manipulate,1
manipulable,1
mandatory,1
mandato,1
mance,1
managment,1
manag,1
maker,1
maturity,1
mds,1
minimal,1
meter,1
minent,1
mindset,1
mindful,1
mind,1
mimic,1
millisecond,1
million,1
military,1
micro,1
michael,1
mfi,1
methodology,1
metamodel,1
means,1
merity,1
merically,1
merical,1
merge,1
merely,1
mente,1
mensional,1
member,1
mediation,1
median,1
mechanical,1
mech,1
notifica,1
notimminent,1
numer,1
picture,1
pleteness,1
plete,1
plementation,1
ple,1
player,1
plausible,1
plate,1
plat,1
planning,1
plain,1
pipeline,1
ping,1
phrasing,1
plex,1
phenomena,1
perturbation,1
perturb,1
pert,1
permit,1
perfor,1
perfect,1
peculiarity,1
payment,1
passport,1
party,1
partment,1
plethora,1
plotting,1
numeri,1
possess,1
prematurely,1
preliminary,1
prelabelle,1
preferred,1
prefer,1
prag,1
practise,1
powerful,1
powered,1
poten,1
possibly,1
possibility,1
portion,1
ployment,1
porting,1
portability,1
populate,1
poon,1
ponent,1
polysemy,1
polygon,1
politician,1
politic,1
pneumonia,1
ply,1
plus,1
partly,1
particu,1
participat,1
ogeneous,1
operationalise,1
operational,1
opera,1
openxml,1
openoffice,1
opendocument,1
ontology,1
onto,1
ongoing,1
oncology,1
oncologist,1
omar,1
officially,1
parser,1
office,1
october,1
occupy,1
occupant,1
obstruct,1
obsolete,1
obsolescence,1
obey,1
nvme,1
nursing,1
numericalordinalcategoricalfigure,1
numerically,1
operationalize,1
optimi,1
optimis,1
optimisationminimise,1
parquet,1
paramount,1
parallelize,1
paragraph,1
pandemic,1
overlook,1
overcome,1
oval,1
outweigh,1
outsource,1
outraged,1
outgrowth,1
outdated,1
ouali,1
othe,1
orthonormal,1
orthogonal,1
origin,1
organiza,1
organisa,1
organi,1
organ,1
ordinary,1
orchestrate,1
orc,1
maintenancedata,1
magnitude,1
magically,1
harmful,1
honour,1
homomorphic,1
home,1
holder,1
hoc,1
historically,1
histogram,1
heteroscedasticity,1
heter,1
heavily,1
healthy,1
header,1
harm,1
hospital,1
happy,1
handling,1
handful,1
hadoop,1
guidance,1
guage,1
groupsurvey,1
grouping,1
graphic,1
granularity,1
graceful,1
grab,1
hortonwork,1
hospitality,1
improper,1
illegally,1
impose,1
importantly,1
imply,1
implicitly,1
imple,1
imperative,1
impart,1
impair,1
immediately,1
imaging,1
imagine,1
imagery,1
ilar,1
hun,1
identity,1
identification,1
identifica,1
ideal,1
idea,1
ibm,1
iate,1
iance,1
ian,1
hyperparameterless,1
hyperparame,1
hyperparam,1
gpd,1
govern,1
google,1
flaw,1
former,1
formatting,1
formation,1
forest,1
forefront,1
force,1
football,1
follower,1
fly,1
flood,1
flexibly,1
flexible,1
fitness,1
goodness,1
fintech,1
finite,1
finish,1
findable,1
fifteen,1
fidelity,1
fication,1
ference,1
fer,1
feeling,1
featuresnormalization,1
feasible,1
formula,1
forthcoming,1
forum,1
four,1
gofai,1
goalsoptimal,1
gle,1
gis,1
gine,1
gigabyte,1
ger,1
geometric,1
genuinely,1
generic,1
generalization,1
generalised,1
gener,1
gender,1
gaussi,1
gauge,1
gather,1
gapminder,1
ganisation,1
gabyte,1
frothy,1
front,1
freedom,1
fre,1
fourth,1
impossi,1
imput,1
macroscopic,1
kin,1
larly,1
laritie,1
lar,1
lane,1
lan,1
lakebatchstreaming,1
lagrange,1
labelingcleane,1
labeling,1
kohonen,1
knowledgemodel,1
knn,1
kilogram,1
launch,1
jurisdiction,1
judge,1
json,1
journalist,1
jointly,1
joint,1
join,1
jerky,1
ject,1
ization,1
itie,1
itera,1
lation,1
layered,1
inate,1
abide,1
machinery,1
lung,1
lower,1
loopautomate,1
logprocess,1
logistics,1
logarithm,1
locate,1
locally,1
little,1
linearly,1
likely,1
ligent,1
leakage,1
ligence,1
lier,1
license,1
licence,1
lic,1
lexicographic,1
lesion,1
ler,1
lenge,1
legacy,1
learnt,1
lean,1
istic,1
irrele,1
irregu,1
infinitely,1
innovation,1
inher,1
ingrain,1
ingestionfigure,1
ingestionbusiness,1
ingenuity,1
inge,1
infrequent,1
infra,1
informed,1
informative,1
info,1
infeasible,1
iop,1
industry,1
industrial,1
indirectly,1
indicator,1
indeterminacy,1
independently,1
independency,1
incorporate,1
incon,1
incompatible,1
income,1
incentive,1
inquiry,1
insert,1
inspect,1
inspire,1
involvement,1
invoice,1
investment,1
invest,1
intuitively,1
intuitive,1
intricacy,1
intractable,1
intervention,1
intersect,1
interruption,1
interpretation,1
international,1
internally,1
interna,1
interchange,1
interactive,1
interaction,1
intentionally,1
intelligently,1
inte,1
institute,1
instantly,1
instant,1
installer,1
לthe,1
